text,label
refactoring refactor comment dispute past perhaps like business mucking say object comment feel free bring appropriate noticeboard fuck thanks,0
wanker wanker wanker wanker wanker wanker wanker wanker wanker wanker wanker wanker wanker wanker wanker wanker wanker wanker wanker wanker wanker wanker wanker wanker wanker wanker wanker wanker wanker wanker wanker wanker wanker wanker wanker wanker wanker wanker wanker wanker wanker wanker wanker wanker wanker wanker wanker wanker wanker wanker wanker wanker wanker wanker wanker wanker wanker wanker wanker wanker wanker wanker wanker wanker wanker wanker wanker wanker wanker wanker wanker wanker wanker wanker wanker wanker wanker wanker wanker wanker wanker wanker wanker wanker wanker wanker wanker wanker wanker wanker wanker wanker wanker wanker wanker wanker wanker wanker wanker wanker wanker wanker wanker wanker wanker wanker wanker wanker wanker wanker wanker wanker wanker wanker wanker wanker wanker wanker wanker wanker wanker wanker wanker wanker wanker wanker wanker wanker wanker wanker wanker wanker wanker wanker wanker wanker wanker wanker wanker wanker wanker wanker wanker wanker wanker wanker wanker wanker wanker wanker wanker wanker wanker wanker wanker wanker wanker wanker wanker wanker wanker wanker wanker wanker wanker wanker wanker wanker wanker wanker wanker wanker wanker wanker wanker wanker wanker wanker wanker wanker wanker wanker wanker wanker wanker wanker wanker wanker wanker wanker wanker wanker wanker wanker wanker wanker wanker wanker wanker wanker wanker wanker wanker wanker wanker wanker wanker wanker wanker wanker wanker wanker wanker wanker wanker wanker wanker wanker wanker wanker wanker wanker wanker wanker wanker wanker wanker wanker wanker wanker wanker wanker wanker wanker wanker wanker wanker wanker wanker wanker wanker wanker wanker wanker wanker wanker wanker wanker wanker wanker wanker wanker wanker wanker wanker wanker wanker wanker wanker wanker wanker wanker wanker wanker wanker wanker wanker wanker wanker wanker wanker wanker wanker wanker wanker wanker wanker wanker wanker wanker wanker wanker wanker wanker wanker wanker wanker wanker wanker wanker wanker wanker wanker wanker wanker wanker wanker wanker wanker wanker wanker wanker wanker wanker wanker wanker wanker wanker wanker wanker wanker wanker wanker wanker wanker wanker wanker wanker wanker wanker wanker wanker wanker wanker wanker wanker wanker wanker wanker wanker wanker wanker wanker wanker wanker wanker wanker wanker wanker wanker wanker wanker wanker wanker wanker wanker wanker wanker wanker wanker wanker wanker wanker wanker wanker wanker wanker wanker wanker wanker wanker wanker wanker wanker wanker wanker wanker wanker wanker wanker wanker wanker wanker wanker wanker wanker wanker wanker wanker wanker wanker wanker wanker wanker wanker wanker wanker wanker wanker wanker wanker wanker wanker wanker wanker wanker wanker wanker wanker wanker wanker wanker wanker wanker wanker wanker wanker wanker wanker wanker wanker wanker wanker wanker wanker wanker wanker wanker wanker wanker wanker wanker wanker wanker wanker wanker wanker wanker wanker wanker wanker wanker wanker wanker wanker wanker wanker wanker wanker wanker wanker wanker wanker wanker wanker wanker wanker wanker wanker wanker wanker wanker wanker wanker wanker wanker wanker wanker wanker wanker wanker wanker wanker wanker wanker wanker wanker wanker wanker wanker wanker wanker wanker wanker wanker wanker wanker wanker wanker wanker wanker wanker wanker wanker wanker wanker wanker wanker wanker wanker wanker wanker wanker wanker wanker wanker wanker wanker wanker wanker wanker wanker wanker wanker wanker wanker wanker wanker wanker wanker wanker wanker wanker wanker wanker wanker wanker wanker wanker wanker wanker wanker wanker wanker wanker wanker wanker wanker wanker wanker wanker wanker wanker wanker wanker wanker wanker wanker wanker wanker wanker wanker wanker wanker wanker wanker wanker wanker wanker wanker wanker wanker wanker wanker wanker wanker wanker wanker wanker wanker wanker wanker wanker wanker wanker wanker wanker wanker wanker wanker wanker wanker wanker wanker wanker wanker wanker wanker wanker wanker wanker wanker wanker wanker wanker wanker wanker wanker wanker wanker wanker wanker wanker wanker wanker wanker wanker wanker wanker wanker wanker wanker wanker wanker wanker wanker wanker wanker wanker wanker wanker wanker wanker wanker wanker wanker wanker wanker wanker wanker wanker wanker wanker wanker wanker wanker wanker wanker wanker wanker wanker wanker wanker wanker wanker wanker wanker wanker wanker wanker wanker wanker wanker wanker wanker wanker wanker wanker wanker wanker wanker wanker wanker wanker wanker wanker wanker wanker wanker wanker wanker wanker wanker wanker wanker wanker wanker wanker wanker wanker wanker wanker wanker wanker wanker wanker wanker wanker wanker wanker wanker wanker wanker wanker wanker wanker wanker wanker wanker wanker wanker wanker wanker wanker wanker wanker wanker wanker wanker wanker wanker wanker wanker wanker wanker wanker wanker wanker wanker wanker wanker wanker wanker wanker,0
hope die hope die,0
refer people constantly taking word jimbo policy idea removing userbox political point view point view core problem notice admin skipped tfd process speedied something rule explicitly opinion userbox rather jimbo saying completely understand started owner foundation set perhaps heard wikimedia foundation say point view saying telling people fuck made attack editor perceive truly sad life perhaps time learn intricacy language one want personal page site one avail oneself modify source code order remove site rather complain used people overstep proper bound position die encountered multiple administrator far lead desire fuck done,0
nazi run wiki even allow control user page,0
get fcuk page ckhead,0
macbook pro son bitch dammit damn hate apple first machine ship using intel cpu wow death steve absolutely right though thank linking know looking product find reference technical spec either imac duo macbook used clicking technical spec since late parent bought beige,0
fuck talking removed nothing merely pointed claim german called program woofan false dubious tag explained talk page source say presume problem website many people whose grasp written english poor,0
thank deeply thoroughly apologize mischeif reaked knowledge sharing site please let make purely positive constructive together create perfect information sharing society bitch,0
hell hope still competition obvious public like bottom two three time matter bloody good one like one gonna buy single beverly sounded lot worse judge hearing loved performance sounded terrible sitting firmly positive note difference seriously good tonight finally two actually delivered decent vocal performace rather larked around prop stage rhydian tonight opinion lot better performance original niki well lost halfway song sounded rough starting like leon lot better jazz singer pop singer hopefully another ray quinn hand got say though loved whole deadlock thing dramatic suspense way better normal voting,0
